CREATE (node_0 :Node { id:0, label:"NY54", country:"United States", longitude:-74.00597, internal:1, latitude:40.71427, type:"Completion 2007 - 2008"}),
(node_1 :Node { id:1, label:"CMBR", country:"United States", longitude:-71.10561, internal:1, latitude:42.3751, type:"Completion 2007 - 2008"}),
(node_2 :Node { id:2, label:"CHCG", country:"United States", longitude:-87.65005, internal:1, latitude:41.85003, type:"Completed"}),
(node_3 :Node { id:3, label:"CLEV", country:"United States", longitude:-81.69541, internal:1, latitude:41.4995, type:"Completed"}),
(node_4 :Node { id:4, label:"RLGH", country:"United States", longitude:-78.63861, internal:1, latitude:35.7721, type:"Completion 2007 - 2008"}),
(node_5 :Node { id:5, label:"ATLN", country:"United States", longitude:-84.38798, internal:1, latitude:33.749, type:"Completed"}),
(node_6 :Node { id:6, label:"PHLA", country:"United States", longitude:-75.16379, internal:1, latitude:39.95234, type:"Completed"}),
(node_7 :Node { id:7, label:"WASH", country:"United States", longitude:-77.03637, internal:1, latitude:38.89511, type:"Completed"}),
(node_8 :Node { id:8, label:"NSVL", country:"United States", longitude:-86.78444, internal:1, latitude:36.16589, type:"Completion 2007 - 2008"}),
(node_9 :Node { id:9, label:"STLS", country:"United States", longitude:-90.19789, internal:1, latitude:38.62727, type:"Completed"}),
(node_10 :Node { id:10, label:"NWOR", country:"United States", longitude:-90.07507, internal:1, latitude:29.95465, type:"Completion 2007 - 2008"}),
(node_11 :Node { id:11, label:"HSTN", country:"United States", longitude:-95.36327, internal:1, latitude:29.76328, type:"Completed"}),
(node_12 :Node { id:12, label:"SNAN", country:"United States", longitude:-98.49363, internal:1, latitude:29.42412, type:"Completion 2007 - 2008"}),
(node_13 :Node { id:13, label:"DLLS", country:"United States", longitude:-96.80667, internal:1, latitude:32.78306, type:"Completed"}),
(node_14 :Node { id:14, label:"ORLD", country:"United States", longitude:-81.37924, internal:1, latitude:28.53834, type:"Completed"}),
(node_15 :Node { id:15, label:"DNVR", country:"United States", longitude:-104.9847, internal:1, latitude:39.73915, type:"Completion 2007 - 2008"}),
(node_16 :Node { id:16, label:"KSCY", country:"United States", longitude:-94.62746, internal:1, latitude:39.11417, type:"Completion 2007 - 2008"}),
(node_17 :Node { id:17, label:"SNFN", country:"United States", longitude:-122.41942, internal:1, latitude:37.77493, type:"Completed"}),
(node_18 :Node { id:18, label:"SCRM", country:"United States", longitude:-121.4944, internal:1, latitude:38.58157, type:"Completion 2007 - 2008"}),
(node_19 :Node { id:19, label:"PTLD", country:"United States", longitude:-122.67621, internal:1, latitude:45.52345, type:"Completion 2007 - 2008"}),
(node_20 :Node { id:20, label:"STTL", country:"United States", longitude:-122.33207, internal:1, latitude:47.60621, type:"Completion 2007 - 2008"}),
(node_21 :Node { id:21, label:"SLKC", country:"United States", longitude:-111.89105, internal:1, latitude:40.76078, type:"Completion 2007 - 2008"}),
(node_22 :Node { id:22, label:"LA03", country:"United States", longitude:-118.24368, internal:1, latitude:34.05223, type:"Completed"}),
(node_23 :Node { id:23, label:"SNDG", country:"United States", longitude:-117.15726, internal:1, latitude:32.71533, type:"Completion 2007 - 2008"}),
(node_24 :Node { id:24, label:"PHNX", country:"United States", longitude:-112.07404, internal:1, latitude:33.44838, type:"Completion 2007 - 2008"}),
(node_0)-[:Completion { cost:21, reliability:0.4878157695712946, jitter:0.07669761673276049 }]->(node_1),
(node_0)<-[:Completion { cost:21, reliability:0.4878157695712946, jitter:0.07669761673276049 }]-(node_1),
(node_0)-[:Completed { cost:9, reliability:0.619479092155233, jitter:0.04424394314809552 }]->(node_2),
(node_0)<-[:Completed { cost:9, reliability:0.619479092155233, jitter:0.04424394314809552 }]-(node_2),
(node_0)-[:Completion { cost:37, reliability:0.4062256799377557, jitter:0.08619301536849353 }]->(node_6),
(node_0)<-[:Completion { cost:37, reliability:0.4062256799377557, jitter:0.08619301536849353 }]-(node_6),
(node_0)-[:Completed { cost:22, reliability:0.1442158718113019, jitter:0.024805177528745205 }]->(node_7),
(node_0)<-[:Completed { cost:22, reliability:0.1442158718113019, jitter:0.024805177528745205 }]-(node_7),
(node_1)-[:Completion { cost:9, reliability:0.2187787613348554, jitter:0.013612824011398494 }]->(node_6),
(node_1)<-[:Completion { cost:9, reliability:0.2187787613348554, jitter:0.013612824011398494 }]-(node_6),
(node_2)-[:Completed { cost:45, reliability:0.5762109410901172, jitter:0.0774493373916004 }]->(node_3),
(node_2)<-[:Completed { cost:45, reliability:0.5762109410901172, jitter:0.0774493373916004 }]-(node_3),
(node_2)-[:Completed { cost:17, reliability:0.6522346236848924, jitter:0.060353694346627684 }]->(node_6),
(node_2)<-[:Completed { cost:17, reliability:0.6522346236848924, jitter:0.060353694346627684 }]-(node_6),
(node_2)-[:Completed { cost:23, reliability:0.11140208018661779, jitter:0.0377733473729847 }]->(node_9),
(node_2)<-[:Completed { cost:23, reliability:0.11140208018661779, jitter:0.0377733473729847 }]-(node_9),
(node_2)-[:Completion { cost:17, reliability:0.5868651789223517, jitter:0.008421295778663618 }]->(node_15),
(node_2)<-[:Completion { cost:17, reliability:0.5868651789223517, jitter:0.008421295778663618 }]-(node_15),
(node_2)-[:Completion { cost:35, reliability:0.12839515811362756, jitter:0.06751895743588349 }]->(node_16),
(node_2)<-[:Completion { cost:35, reliability:0.12839515811362756, jitter:0.06751895743588349 }]-(node_16),
(node_2)-[:Completed { cost:31, reliability:0.13668757191074832, jitter:0.08263395924159864 }]->(node_17),
(node_2)<-[:Completed { cost:31, reliability:0.13668757191074832, jitter:0.08263395924159864 }]-(node_17),
(node_2)-[:Completion { cost:24, reliability:0.9655933618544066, jitter:0.03846575819902389 }]->(node_20),
(node_2)<-[:Completion { cost:24, reliability:0.9655933618544066, jitter:0.03846575819902389 }]-(node_20),
(node_2)-[:Completion { cost:5, reliability:0.18474763679487893, jitter:0.05258298299751959 }]->(node_21),
(node_2)<-[:Completion { cost:5, reliability:0.18474763679487893, jitter:0.05258298299751959 }]-(node_21),
(node_3)-[:Completion { cost:31, reliability:0.45751857136311425, jitter:0.027751786797255984 }]->(node_8),
(node_3)<-[:Completion { cost:31, reliability:0.45751857136311425, jitter:0.027751786797255984 }]-(node_8),
(node_3)-[:Completion { cost:34, reliability:0.18583487926086895, jitter:0.09790683403236444 }]->(node_9),
(node_3)<-[:Completion { cost:34, reliability:0.18583487926086895, jitter:0.09790683403236444 }]-(node_9),
(node_3)-[:Completed { cost:5, reliability:0.19156099297956042, jitter:0.04384120852726746 }]->(node_6),
(node_3)<-[:Completed { cost:5, reliability:0.19156099297956042, jitter:0.04384120852726746 }]-(node_6),
(node_4)-[:Completion { cost:19, reliability:0.12206069069696301, jitter:0.03456928786705662 }]->(node_5),
(node_4)<-[:Completion { cost:19, reliability:0.12206069069696301, jitter:0.03456928786705662 }]-(node_5),
(node_4)-[:Completion { cost:31, reliability:0.2880623429966962, jitter:0.03307288632399469 }]->(node_7),
(node_4)<-[:Completion { cost:31, reliability:0.2880623429966962, jitter:0.03307288632399469 }]-(node_7),
(node_5)-[:Completed { cost:25, reliability:0.44118342637670926, jitter:0.005794464187839188 }]->(node_7),
(node_5)<-[:Completed { cost:25, reliability:0.44118342637670926, jitter:0.005794464187839188 }]-(node_7),
(node_5)-[:Completion { cost:23, reliability:0.8136782508942725, jitter:0.06457014328681211 }]->(node_8),
(node_5)<-[:Completion { cost:23, reliability:0.8136782508942725, jitter:0.06457014328681211 }]-(node_8),
(node_5)-[:Completed { cost:44, reliability:0.5614673796122778, jitter:0.0959578924441623 }]->(node_9),
(node_5)<-[:Completed { cost:44, reliability:0.5614673796122778, jitter:0.0959578924441623 }]-(node_9),
(node_5)-[:Completed { cost:17, reliability:0.40697029189799827, jitter:0.00596479114939602 }]->(node_13),
(node_5)<-[:Completed { cost:17, reliability:0.40697029189799827, jitter:0.00596479114939602 }]-(node_13),
(node_5)-[:Completed { cost:28, reliability:0.27300126710289385, jitter:0.022131112704176004 }]->(node_14),
(node_5)<-[:Completed { cost:28, reliability:0.27300126710289385, jitter:0.022131112704176004 }]-(node_14),
(node_6)-[:Completed { cost:28, reliability:0.5983205856951294, jitter:0.04404407331138005 }]->(node_7),
(node_6)<-[:Completed { cost:28, reliability:0.5983205856951294, jitter:0.04404407331138005 }]-(node_7),
(node_8)-[:Completion { cost:16, reliability:0.4627590850753285, jitter:0.04476667339805361 }]->(node_9),
(node_8)<-[:Completion { cost:16, reliability:0.4627590850753285, jitter:0.04476667339805361 }]-(node_9),
(node_8)-[:Completion { cost:41, reliability:0.6007760687816299, jitter:0.05898457793625038 }]->(node_13),
(node_8)<-[:Completion { cost:41, reliability:0.6007760687816299, jitter:0.05898457793625038 }]-(node_13),
(node_9)-[:Completed { cost:47, reliability:0.9352080562928925, jitter:0.05111673437771781 }]->(node_13),
(node_9)<-[:Completed { cost:47, reliability:0.9352080562928925, jitter:0.05111673437771781 }]-(node_13),
(node_9)-[:Completion { cost:48, reliability:0.4962077548317163, jitter:0.07867466932711441 }]->(node_16),
(node_9)<-[:Completion { cost:48, reliability:0.4962077548317163, jitter:0.07867466932711441 }]-(node_16),
(node_9)-[:Completion { cost:34, reliability:0.4984941707316898, jitter:0.009263221922438369 }]->(node_22),
(node_9)<-[:Completion { cost:34, reliability:0.4984941707316898, jitter:0.009263221922438369 }]-(node_22),
(node_10)-[:Completion { cost:23, reliability:0.633020734247153, jitter:0.02137108360406791 }]->(node_11),
(node_10)<-[:Completion { cost:23, reliability:0.633020734247153, jitter:0.02137108360406791 }]-(node_11),
(node_10)-[:Completion { cost:41, reliability:0.7700235045237497, jitter:0.07433279513026561 }]->(node_13),
(node_10)<-[:Completion { cost:41, reliability:0.7700235045237497, jitter:0.07433279513026561 }]-(node_13),
(node_10)-[:Completion { cost:17, reliability:0.32825556519279064, jitter:0.02638994800745579 }]->(node_14),
(node_10)<-[:Completion { cost:17, reliability:0.32825556519279064, jitter:0.02638994800745579 }]-(node_14),
(node_11)-[:Completion { cost:40, reliability:0.8073301787270991, jitter:0.038095596310755854 }]->(node_12),
(node_11)<-[:Completion { cost:40, reliability:0.8073301787270991, jitter:0.038095596310755854 }]-(node_12),
(node_11)-[:Completed { cost:35, reliability:0.6000351762251546, jitter:0.09270422321309775 }]->(node_13),
(node_11)<-[:Completed { cost:35, reliability:0.6000351762251546, jitter:0.09270422321309775 }]-(node_13),
(node_11)-[:Completed { cost:37, reliability:0.6700400486122304, jitter:0.049153949016692025 }]->(node_14),
(node_11)<-[:Completed { cost:37, reliability:0.6700400486122304, jitter:0.049153949016692025 }]-(node_14),
(node_12)-[:Completion { cost:16, reliability:0.9886470742200596, jitter:0.010938618045744086 }]->(node_24),
(node_12)<-[:Completion { cost:16, reliability:0.9886470742200596, jitter:0.010938618045744086 }]-(node_24),
(node_12)-[:Completion { cost:49, reliability:0.4666605223709458, jitter:0.03596089741586196 }]->(node_13),
(node_12)<-[:Completion { cost:49, reliability:0.4666605223709458, jitter:0.03596089741586196 }]-(node_13),
(node_13)-[:Completion { cost:48, reliability:0.6004807218341389, jitter:0.04272015477477411 }]->(node_15),
(node_13)<-[:Completion { cost:48, reliability:0.6004807218341389, jitter:0.04272015477477411 }]-(node_15),
(node_13)-[:Completion { cost:6, reliability:0.30814430246602564, jitter:0.017588576225740105 }]->(node_16),
(node_13)<-[:Completion { cost:6, reliability:0.30814430246602564, jitter:0.017588576225740105 }]-(node_16),
(node_13)-[:Completion { cost:38, reliability:0.8883302752556105, jitter:0.03193856163408696 }]->(node_17),
(node_13)<-[:Completion { cost:38, reliability:0.8883302752556105, jitter:0.03193856163408696 }]-(node_17),
(node_13)-[:Completed { cost:38, reliability:0.9979664651565539, jitter:0.08507586536390357 }]->(node_22),
(node_13)<-[:Completed { cost:38, reliability:0.9979664651565539, jitter:0.08507586536390357 }]-(node_22),
(node_15)-[:Completion { cost:19, reliability:0.6600978010141442, jitter:0.04966023413296701 }]->(node_16),
(node_15)<-[:Completion { cost:19, reliability:0.6600978010141442, jitter:0.04966023413296701 }]-(node_16),
(node_15)-[:Completion { cost:28, reliability:0.6493227611333627, jitter:0.04033107297554781 }]->(node_17),
(node_15)<-[:Completion { cost:28, reliability:0.6493227611333627, jitter:0.04033107297554781 }]-(node_17),
(node_15)-[:Completion { cost:5, reliability:0.9134329604515669, jitter:0.05046569483348502 }]->(node_21),
(node_15)<-[:Completion { cost:5, reliability:0.9134329604515669, jitter:0.05046569483348502 }]-(node_21),
(node_16)-[:Completion { cost:14, reliability:0.3933986355982091, jitter:0.012320827866433747 }]->(node_17),
(node_16)<-[:Completion { cost:14, reliability:0.3933986355982091, jitter:0.012320827866433747 }]-(node_17),
(node_17)-[:Completion { cost:13, reliability:0.45499512073951254, jitter:0.013353316080659029 }]->(node_18),
(node_17)<-[:Completion { cost:13, reliability:0.45499512073951254, jitter:0.013353316080659029 }]-(node_18),
(node_17)-[:Completion { cost:19, reliability:0.1635535215676599, jitter:0.06224293280684826 }]->(node_19),
(node_17)<-[:Completion { cost:19, reliability:0.1635535215676599, jitter:0.06224293280684826 }]-(node_19),
(node_17)-[:Completion { cost:18, reliability:0.8015655066155497, jitter:0.012138135558972484 }]->(node_20),
(node_17)<-[:Completion { cost:18, reliability:0.8015655066155497, jitter:0.012138135558972484 }]-(node_20),
(node_17)-[:Completion { cost:28, reliability:0.07935027499989844, jitter:0.0941035955152594 }]->(node_21),
(node_17)<-[:Completion { cost:28, reliability:0.07935027499989844, jitter:0.0941035955152594 }]-(node_21),
(node_17)-[:Completed { cost:47, reliability:0.06543806792182416, jitter:0.08696979200609536 }]->(node_22),
(node_17)<-[:Completed { cost:47, reliability:0.06543806792182416, jitter:0.08696979200609536 }]-(node_22),
(node_18)-[:Completion { cost:33, reliability:0.01424853719942476, jitter:0.08876816845378296 }]->(node_21),
(node_18)<-[:Completion { cost:33, reliability:0.01424853719942476, jitter:0.08876816845378296 }]-(node_21),
(node_19)-[:Completion { cost:6, reliability:0.8579084270696187, jitter:0.028521897829905475 }]->(node_20),
(node_19)<-[:Completion { cost:6, reliability:0.8579084270696187, jitter:0.028521897829905475 }]-(node_20),
(node_21)-[:Completion { cost:31, reliability:0.8647468877872028, jitter:0.005475232462629232 }]->(node_22),
(node_21)<-[:Completion { cost:31, reliability:0.8647468877872028, jitter:0.005475232462629232 }]-(node_22),
(node_22)-[:Completion { cost:29, reliability:0.9752746512931026, jitter:0.061558961465146535 }]->(node_23),
(node_22)<-[:Completion { cost:29, reliability:0.9752746512931026, jitter:0.061558961465146535 }]-(node_23),
(node_22)-[:Completion { cost:29, reliability:0.8440968850910909, jitter:0.051065154132372524 }]->(node_24),
(node_22)<-[:Completion { cost:29, reliability:0.8440968850910909, jitter:0.051065154132372524 }]-(node_24),
(node_22)-[:Completion { cost:32, reliability:0.21919869104737766, jitter:0.008714845983215569 }]->(node_24),
(node_22)<-[:Completion { cost:32, reliability:0.21919869104737766, jitter:0.008714845983215569 }]-(node_24),
(node_23)-[:Completion { cost:23, reliability:0.14962948213945726, jitter:0.045212547523215796 }]->(node_24),
(node_23)<-[:Completion { cost:23, reliability:0.14962948213945726, jitter:0.045212547523215796 }]-(node_24)